y_real,y_pred
2.1475000381469727,2.277522563934326
3.807499885559082,2.3291356563568115
1.7274999618530273,2.329831838607788
2.4375,2.3829710483551025
